<Ui xmlns="http://www.blizzard.com/wow/ui/" xmlns:xsi="http://www.w3.org/2001/XMLSchema-instance" xsi:schemaLocation="http://www.blizzard.com/wow/ui/
..\FrameXML\UI.xsd">
	<Script file="LibStub\LibStub.lua"/>
	<Script file="CallbackHandler-1.0\CallbackHandler-1.0.lua"/>
	<Include file="LibDataBroker\Load.xml"/>	
	<Include file="AceAddon-3.0\AceAddon-3.0.xml"/>
	<Include file="AceEvent-3.0\AceEvent-3.0.xml"/>
	<Include file="AceHook-3.0\AceHook-3.0.xml"/>	
	<Include file="AceGUI-3.0\AceGUI-3.0.xml"/>
	<Include file="AceConfig-3.0\AceConfig-3.0.xml"/>
	<Include file="AceConsole-3.0\AceConsole-3.0.xml"/>
	<Include file="AceDB-3.0\AceDB-3.0.xml"/>
	<Include file="AceLocale-3.0\AceLocale-3.0.xml"/>
	<Include file="AceDBOptions-3.0\AceDBOptions-3.0.xml"/>
	<Include file="LibSharedMedia-3.0\LibSharedMedia-3.0.xml"/>
	<Include file="AceGUI-3.0-SharedMediaWidgets\widget.xml"/>
	<Script file="LibStub\tekShiner.lua"/>
	<Scripts>
		<OnLoad>
			MassProspect_OnLoad();
		</OnLoad>
	</Scripts>
</Ui>